{"acc": 0.9106613649826119, "loss": 0.05957173448283403, "_timestamp": 1683040183.2985744, "_runtime": 0.6327323913574219, "_step": 7, "_wandb": {"runtime": 0}}