{"acc": 0.812713574016423, "loss": 0.24806056099648005, "_timestamp": 1683039901.3188097, "_runtime": 0.6911146640777588, "_step": 7, "_wandb": {"runtime": 0}}