{"acc": 0.873873084132174, "loss": 0.1463272894625422, "_timestamp": 1683040044.6278017, "_runtime": 0.6306655406951904, "_step": 7, "_wandb": {"runtime": 0}}